CustomerID,LocationID,FirstName,LastName,Delivery Address,Billing Address,Date of Birth,email,Phone Number
16,1,Bianca,Taffee,23 Garrison Parkway,23 Garrison Parkway,15.02.1955,btaffeef@tamu.edu,+351911964786
19,1,Tripp,Guyan,945 Drewry Trail,945 Drewry Trail,19.08.1974,tguyani@go.com,+351936731086
21,1,Shannen,Eighteen,7962 Green Ridge Terrace,7962 Green Ridge Terrace,18.10.1990,seighteenk@hugedomains.com,+351915172082
24,1,Graig,Estcot,576 Onsgard Drive,6601 Oak Valley Point,17.06.1958,gestcotn@earthlink.net,+351912052612
25,1,Dalli,Broker,61418 Melby Point,55660 Farmco Place,15.02.1947,dbrokero@wisc.edu,+351929616704
27,2,Kimbell,Baraja,49 Basil Trail,49 Basil Trail,10.12.1952,kbarajaq@sogou.com,+351924146252
28,2,Chelsey,Dominy,7 Kinsman Place,7 Kinsman Place,20.11.1966,cdominyr@ow.ly,+351966419855
4,3,Zilvia,Whiteman,99 Fieldstone Circle,347 Lillian Court,18.02.1956,zwhiteman3@elegantthemes.com,+351969763756
3,4,Sheri,Dumphy,661 Hudson Terrace,60 Stone Corner Point,03.07.1959,sdumphy2@whitehouse.gov,+351923399120
13,4,Mela,Parkman,64 Doe Crossing Trail,530 Sunbrook Court,05.02.1953,mparkmanc@unc.edu,+351918137810
18,4,Carce,Tregunnah,41 Florence Parkway,41 Florence Parkway,09.07.1975,ctregunnahh@prlog.org,+351964519582
30,4,Tailor,Renshell,7248 Summer Ridge Avenue,9 Algoma Street,16.03.2002,trenshellt@google.cn,+351934759748
20,5,Dugald,Halms,29 Union Pass,29 Union Pass,05.01.1979,dhalmsj@xrea.com,+351938335946
23,5,Iorgos,D'Alessio,20002 Washington Point,20002 Washington Point,19.09.1946,idalessiom@odnoklassniki.ru,+351921874080
17,6,Jacinta,Borlease,088 La Follette Avenue,088 La Follette Avenue,01.08.1951,jborleaseg@bandcamp.com,+351967641582
22,6,Madeleine,Stratten,0112 Quincy Alley,0112 Quincy Alley,16.05.1976,mstrattenl@amazon.de,+351927727553
1,7,Alida,Tegler,4 Carberry Hill,4 Carberry Hill,24.03.1982,ategler0@qq.com,+491264114928
10,7,Stanwood,Barbie,4 Daystar Park,4 Daystar Park,02.06.1993,sbarbie9@gravatar.com,+491406510852
26,7,Clarine,Gorvin,9416 Clyde Gallagher Drive,6520 Hollow Ridge Plaza,25.09.1989,cgorvinp@rediff.com,+491169575525
2,8,Ernie,McClounan,19694 Stoughton Lane,19694 Stoughton Lane,30.03.1967,emcclounan1@e-recht24.de,+491484585924
29,8,Maribeth,Cawley,2 Summerview Center,2 Summerview Center,11.08.1998,mcawleys@unesco.org,+491662578538
6,9,Catarina,Ghilks,5 Alpine Drive,5 Alpine Drive,31.12.1958,cghilks5@nydailynews.com,+393947714776
7,9,Jonie,Ahearne,58448 Pine View Drive,09153 Barnett Street,13.09.1944,jahearne6@tiny.cc,+393434049985
9,9,Coreen,Braden,4283 Sheridan Court,1339 Reinke Circle,18.03.1945,cbraden8@nature.com,+393706634010
14,9,Leisha,Memmory,3 Ohio Hill,3 Ohio Hill,06.04.1999,lmemmoryd@bbc.co.uk,+393276307892
15,9,Pearce,MacParland,4 Sherman Trail,4 Sherman Trail,04.03.1975,pmacparlande@ow.ly,+393107626618
5,10,Theodore,Brabbins,06 Michigan Lane,06 Michigan Lane,18.02.1991,tbrabbins4@independent.co.uk,+393487197624
8,10,Luz,Volkes,18545 Scott Point,18545 Scott Point,18.09.1996,lvolkes7@nbcnews.com,+393917207838
11,10,Ginny,Gilling,9 Florence Pass,9 Florence Pass,18.07.1968,ggillinga@wired.com,+393249727459
12,10,Shanta,Ferron,95 Jay Drive,19358 Clarendon Parkway,28.01.1977,sferronb@oakley.com,+393072518473
